asset_1,asset_2,corr
QQQ,XLK,0.9716369217450411
QQQ,SPY,0.9456749333399179
XLE,XOM,0.9317226975574369
SPY,XLK,0.9270521852379596
DIA,SPY,0.9206665016590443
CVX,XLE,0.91238887354296
DIA,XLI,0.9011666249807406
DIA,XLF,0.879882150728934
SPY,XLI,0.861267514967856
BAC,XLF,0.8612080680293018
JPM,XLF,0.8605379854788774
CVX,XOM,0.8554353901977964
XLF,XLI,0.8455814195555172
MSFT,XLK,0.8258219201768221
BAC,JPM,0.8180798181720829
MSFT,QQQ,0.817666206232008
SPY,XLF,0.7980512901956396
KO,XLP,0.7904263885534084
AAPL,XLK,0.7804195163191181
DIA,QQQ,0.7802795505465928
AAPL,QQQ,0.7782451988228511
PEP,XLP,0.769255799039209
DIA,XLK,0.7665568720674858
MSFT,SPY,0.7586086373898033
AAPL,SPY,0.7567112340711607
DIA,JPM,0.7143400789109978
QQQ,XLI,0.7114010765122587
XLI,XLK,0.7061209028124806
