asset_1,asset_2,corr,pvalue,coint_t,crit_1pct,crit_5pct,crit_10pct,hedge_ratio,intercept,n_obs
DIA,SPY,0.9206663398844245,0.01698639596141181,-3.725513697802907,-3.9051948931775575,-3.3410068269448447,-3.0478338668732143,0.5698243414015355,88.77727080225408,1255
DIA,XLK,0.7665559453037255,0.02280545116859985,-3.625058349672797,-3.9051948931775575,-3.3410068269448447,-3.0478338668732143,2.2199926906967433,156.74070674444908,1255
DIA,QQQ,0.7802792037561619,0.04163138639871443,-3.406520508984401,-3.9051948931775575,-3.3410068269448447,-3.0478338668732143,0.5434889358202444,139.85722847731301,1255
